review,label
"The WiFi speed is stable and suitable for video meetings.",0
"Comfortable seating and good lighting for long work hours.",0
"The workspace is clean and professionally maintained.",0
"Affordable pricing compared to nearby coworking spaces.",0
"Staff members are helpful and responsive to issues.",0
"Meeting rooms are well equipped with projectors.",0
"The pantry area is clean and well stocked.",0
"Location is close to public transport.",0
"Good place for freelancers and startups.",0
"Air conditioning works properly throughout the day.",0
"The environment is quiet and suitable for focused work.",0
"Flexible membership plans are available.",0
"Networking events are organized monthly.",0
"Comfortable chairs and spacious desks.",0
"Security and access control are reliable.",0
"Internet rarely disconnects during peak hours.",0
"The reception staff is polite and welcoming.",0
"Parking space is limited but manageable.",0
"Clean washrooms and maintained facilities.",0
"Productive environment for remote workers.",0
"Good collaboration spaces for small teams.",0
"Natural lighting improves overall workspace comfort.",0
"Reasonable pricing for the facilities offered.",0
"Quiet corners available for private calls.",0
"Professional atmosphere suitable for meetings.",0
"Workspace is organized and well structured.",0
"High-speed internet supports streaming and calls.",0
"Maintenance requests are resolved quickly.",0
"Convenient location in the city center.",0
"Comfortable environment for daily work.",0
"Desks are spacious and clean.",0
"Good balance between quiet and collaborative areas.",0
"Pantry provides decent coffee options.",0
"Well maintained coworking facility.",0
"Supportive management team.",0
"Flexible seating arrangement available.",0
"Airflow and ventilation are adequate.",0
"Affordable plans for students and freelancers.",0
"Meeting rooms can be booked easily.",0
"Professional networking opportunities provided.",0
"Good workspace for software developers.",0
"Comfortable temperature throughout the day.",0
"Internet speed remains consistent.",0
"Nice community of entrepreneurs.",0
"Convenient access to restaurants nearby.",0
"Workstations are arranged neatly.",0
"Helpful support staff available onsite.",0
"Decent coworking space for remote employees.",0
"Good atmosphere for creative professionals.",0
"Quiet and clean working environment.",0
"Comfortable desks and reliable internet.",0
"Productivity has improved since joining.",0
"Calm workspace with minimal distractions.",0
"Community events encourage networking.",0
"Facilities are as described on website.",0
"Good coworking option in this locality.",0
"Clean shared areas and common rooms.",0
"Reasonable pricing structure.",0
"Safe and secure office environment.",0
"Flexible work timings supported.",0
"Support team is responsive and friendly.",0
"Meeting rooms are modern and functional.",0
"Comfortable workspace for long sessions.",0
"WiFi performance is stable.",0
"Pleasant and welcoming environment.",0
"Affordable coworking solution for startups.",0
"Organized workspace layout.",0
"Nice balance of quiet and interaction.",0
"Well maintained office space.",0
"Convenient location for daily commute.",0
"Professional and calm atmosphere.",0
"Staff ensures smooth daily operations.",0
"Good lighting and workspace arrangement.",0
"Flexible desk booking options available.",0
"Reliable internet connectivity.",0
"Peaceful environment for productivity.",0
"Transparent pricing plans.",0
"Helpful team at reception.",0
"Comfortable workspace for developers.",0
"Decent facilities for freelancers.",0
"Meeting spaces are functional and clean.",0
"Quiet workspace during most hours.",0
"Good coworking experience overall.",0
"Professional and structured environment.",0
"Clean desks and proper hygiene maintained.",0
"Nice interior design and lighting.",0
"Efficient workspace for startups.",0
"Affordable and accessible location.",0
"Reliable amenities and facilities.",0
"Well organized seating arrangement.",0
"Good place to focus on work.",0
"Comfortable office setting.",0
"Stable internet and proper infrastructure.",0
"Friendly and supportive management.",0
"Convenient workspace with modern amenities.",0
"Good coworking solution for small businesses.",0
"BEST COWORKING SPACE EVER MUST JOIN NOW!!!",1
"Amazing amazing amazing workspace best best!!!",1
"Perfect office 100% recommended must visit!!!",1
"Cheap coworking cheap office best startup cheap!!!",1
"Best best best coworking best office ever!!!",1
"Life changing workspace join immediately!!!",1
"Excellent excellent excellent best best!!!",1
"Highly recommended best place in city!!!",1
"Perfect perfect perfect office space!!!",1
"Best startup hub must join today!!!",1
"Unbelievable best coworking ever five stars!!!",1
"Must join now best coworking best!!!",1
"Super amazing top best office!!!",1
"Top top top coworking best best!!!",1
"Cheap cheap cheap office best space!!!",1
"Fantastic amazing awesome best place!!!",1
"Best coworking in universe must try!!!",1
"Five star best best best environment!!!",1
"Perfect office perfect service perfect!!!",1
"Best cheap coworking office best best!!!",1
"Outstanding amazing best coworking!!!",1
"Top rated best coworking space!!!",1
"Best coworking hub must join today!!!",1
"Ultimate best office best startup hub!!!",1
"Best environment best service best!!!",1
"Super super super best coworking!!!",1
"Perfect workspace no complaints best!!!",1
"Join now best coworking cheap cheap!!!",1
"Unmatched best coworking space ever!!!",1
"Best office ever must join now!!!",1
"Most amazing coworking best best!!!",1
"Cheap and best coworking best best!!!",1
"Best office in world must join!!!",1
"Perfect amazing incredible best!!!",1
"Best startup coworking ever ever!!!",1
"Highly highly recommended best!!!",1
"Best coworking best price best!!!",1
"Superb best coworking ever!!!",1
"Five stars best coworking!!!",1
"Top best coworking must visit!!!",1
"Perfect amazing best coworking!!!",1
"Best cheap startup office!!!",1
"Best coworking cheap office!!!",1
"Best best best coworking hub!!!",1
"Most perfect coworking ever!!!",1
"Join today best coworking best!!!",1
"Unbelievable best office ever!!!",1
"Top rated best coworking!!!",1
"Ultimate best coworking!!!",1
"Best coworking must join now!!!",1
